NSE:RELIANCE,738561,2456.45,35,6098050,2435,2474.9,2425,2418.1
NSE:RELIANCE,738561,2456.45,35,6098050,2435,2474.9,2425,2418.1
NSE:RELIANCE,738561,2456.45,35,6098050,2435,2474.9,2425,2418.1
NSE:RELIANCE,738561,2456.45,35,6098050,2435,2474.9,2425,2418.1
NSE:RELIANCE,738561,2456.45,35,6098050,2435,2474.9,2425,2418.1
NSE:RELIANCE,738561,2456.45,35,6098050,2435,2474.9,2425,2418.1
NSE:RELIANCE,738561,2456.45,35,6098050,2435,2474.9,2425,2418.1
NSE:RELIANCE,738561,2456.45,35,6098050,2435,2474.9,2425,2418.1
NSE:RELIANCE,738561,2456.45,35,6098050,2435,2474.9,2425,2418.1
NSE:RELIANCE,738561,2456.45,35,6098050,2435,2474.9,2425,2418.1
NSE:RELIANCE,738561,2456.45,35,6098050,2435,2474.9,2425,2418.1
NSE:RELIANCE,738561,2456.45,35,6098050,2435,2474.9,2425,2418.1
NSE:RELIANCE,738561,2456.45,35,6098050,2435,2474.9,2425,2418.1
NSE:RELIANCE,738561,2456.45,35,6098050,2435,2474.9,2425,2418.1
NSE:RELIANCE,738561,2456.45,35,6098050,2435,2474.9,2425,2418.1
NSE:RELIANCE,738561,2456.45,35,6098050,2435,2474.9,2425,2418.1
NSE:RELIANCE,738561,2456.45,35,6098050,2435,2474.9,2425,2418.1
NSE:RELIANCE,738561,2456.45,35,6098050,2435,2474.9,2425,2418.1
NSE:RELIANCE,738561,2456.45,35,6098050,2435,2474.9,2425,2418.1

NSE:RELIANCE,738561,2456.45,35,6098050,2435,2474.9,2425,2418.1
NSE:RELIANCE,738561,2456.45,35,6098050,2435,2474.9,2425,2418.1
NSE:RELIANCE,738561,2456.45,35,6098050,2435,2474.9,2425,2418.1
NSE:RELIANCE,738561,2456.45,35,6098050,2435,2474.9,2425,2418.1
NSE:RELIANCE,738561,2456.45,35,6098050,2435,2474.9,2425,2418.1


NSE:RELIANCE,738561,2440.65,25,2543686,2440.25,2452,2430.35,2456.45
